[{"title":"Can\u2019t Help Falling In Love - Kina Grannis","artist":"Kina Grannis","image":"https:\/\/is2-ssl.mzstatic.com\/image\/thumb\/Music118\/v4\/39\/c8\/83\/39c883f1-6e85-b0a2-4d14-bc936305544b\/CRA_Sdtk_Cover_01_3000px_RGB_300dpi.jpg\/100x100bb-100.png"},{"title":"You Are the Reason - Calum Scott","artist":"Calum Scott","image":"https:\/\/is2-ssl.mzstatic.com\/image\/thumb\/Music128\/v4\/9f\/e3\/6a\/9fe36a57-2533-f072-58f4-6b4519fecb57\/17UM1IM44770.jpg\/100x100bb-100.png"},{"title":"GOODBYE ROAD - iKON","artist":"iKON","image":"https:\/\/is3-ssl.mzstatic.com\/image\/thumb\/Music128\/v4\/6a\/e9\/7f\/6ae97f65-48f1-e77b-9952-6bd5f90094bf\/iKON_THEFINAL_DS_COVER_0930.jpg\/100x100bb-100.png"},{"title":"Diamond Heart - Alan Walker & Sophia Somajo","artist":"Alan Walker & Sophia Somajo","image":"https:\/\/is1-ssl.mzstatic.com\/image\/thumb\/Music118\/v4\/42\/49\/89\/4249893e-9d69-9e03-2484-c86bd2bd8ac1\/886447319710.jpg\/100x100bb-100.png"},{"title":"Lost in Japan (Remix) - Shawn Mendes & Zedd","artist":"Shawn Mendes & Zedd","image":"https:\/\/is3-ssl.mzstatic.com\/image\/thumb\/Music128\/v4\/c5\/82\/d1\/c582d1c5-9c02-c8fc-f635-66942a8b402c\/00602577111990.rgb.jpg\/100x100bb-100.png"},{"title":"New Light - John Mayer","artist":"John Mayer","image":"https:\/\/is3-ssl.mzstatic.com\/image\/thumb\/Music118\/v4\/d2\/f5\/37\/d2f53726-6d65-66a7-e099-b08263750337\/192562519394.jpg\/100x100bb-100.png"},{"title":"DDU-DU DDU-DU - BLACKPINK","artist":"BLACKPINK","image":"https:\/\/is4-ssl.mzstatic.com\/image\/thumb\/Music115\/v4\/21\/72\/af\/2172af9d-fb3c-340a-85c4-e1572495348d\/BLACKPINK_DIGITAL_SINGLE_IMAGE.jpg\/100x100bb-100.png"},{"title":"There's No Way (feat. Julia Michaels) - Lauv","artist":"Lauv","image":"https:\/\/is4-ssl.mzstatic.com\/image\/thumb\/Music128\/v4\/5c\/3d\/d2\/5c3dd291-8789-d230-7a3b-42d8c52be9d0\/5056167109921_1.jpg\/100x100bb-100.png"},{"title":"Animals - SUPER JUNIOR","artist":"SUPER JUNIOR","image":"https:\/\/is2-ssl.mzstatic.com\/image\/thumb\/Music128\/v4\/a9\/43\/04\/a94304d5-6605-c005-a5e1-58dccb9b6a89\/SUPER_JUNIOR_Animals_DIGITAL_COVER.jpg\/100x100bb-100.png"},{"title":"Thunderclouds (feat. Sia, Diplo & Labrinth) - LSD","artist":"LSD","image":"https:\/\/is3-ssl.mzstatic.com\/image\/thumb\/Music128\/v4\/c0\/97\/3e\/c0973e86-ed7c-c9b5-acf2-ac55e381998c\/886447234679.jpg\/100x100bb-100.png"}]