[{"id":"K6CHCxdxxdA","title":"Keroyok Suporter Bola Hingga Meninggal, Para Pelaku yang Terekam Video Ini Ditangkap - 86","channel":"86 & Custom Protection NET","image":"https:\/\/i.ytimg.com\/vi\/K6CHCxdxxdA\/mqdefault.jpg"},{"id":"q2YZ-FAEzeU","title":"Detik-detik Gempa Tsunami Palu 7,7 SR","channel":"VIVA.CO.ID","image":"https:\/\/i.ytimg.com\/vi\/q2YZ-FAEzeU\/mqdefault.jpg"},{"id":"CL9IhtXt-E8","title":"ASTAGFIRULLAH !! GETARANNYA SAMPAI DI SULAWESI SELATAN","channel":"Bayu Trust You","image":"https:\/\/i.ytimg.com\/vi\/CL9IhtXt-E8\/mqdefault.jpg"},{"id":"BVuh1nBAALI","title":"GEMPA DAN TSUNAMI PALU FULL VIDEO","channel":"Kalao Lao","image":"https:\/\/i.ytimg.com\/vi\/BVuh1nBAALI\/mqdefault.jpg"},{"id":"xpbbW2xWpH0","title":"Video Amatir Warga Panik Luar Biasa Saat Gempa Donggala Munculkan Tsunami - SIS 29\/09","channel":"RCTI - SEPUTAR INDONESIA","image":"https:\/\/i.ytimg.com\/vi\/xpbbW2xWpH0\/mqdefault.jpg"},{"id":"11-dfKEDe6s","title":"KH. Ma'ruf Amin Hadir Acara Dangdut, UAS Beri Contoh Kepada Kita Semua","channel":"Suara Santri","image":"https:\/\/i.ytimg.com\/vi\/11-dfKEDe6s\/mqdefault.jpg"},{"id":"RhaNeb3VUtU","title":"Mata Najwa - #DukaBolaKita: Duka Haringga Duka Kita (Part 1)","channel":"Najwa Shihab","image":"https:\/\/i.ytimg.com\/vi\/RhaNeb3VUtU\/mqdefault.jpg"},{"id":"MnT75OMc1fI","title":"Detik-detik tsunami menerjang Palu","channel":"Antara TV","image":"https:\/\/i.ytimg.com\/vi\/MnT75OMc1fI\/mqdefault.jpg"},{"id":"eIEWDdwkkHE","title":"Detik-detik Penangkapan Pelaku Pengeroyokan Oleh Suporter - NET 24","channel":"Official NET News","image":"https:\/\/i.ytimg.com\/vi\/eIEWDdwkkHE\/mqdefault.jpg"},{"id":"oHudv9ChxLY","title":"Begini Komentar Bijak Haringga Sirila kepada Bobotoh Sebelum Wafat","channel":"Cumi Chanel","image":"https:\/\/i.ytimg.com\/vi\/oHudv9ChxLY\/mqdefault.jpg"}]